iso_code,name,area_km2,neighbours,latitude,longitude,official_languages
ABW,Aruba,180,0,12.5,-69.96666666,2
AFG,Afghanistan,652230,6,33,65,3
AGO,Angola,1246700,4,-12.5,18.5,1
AIA,Anguilla,91,0,18.25,-63.16666666,1
ALA,Åland Islands,1580,0,60.116667,19.9,1
ALB,Albania,28748,4,41,20,1
AND,Andorra,468,2,42.5,1.5,1
ARE,United Arab Emirates,83600,2,24,54,1
ARG,Argentina,2780400,5,-34,-64,2
ARM,Armenia,29743,4,40,45,1
ASM,American Samoa,199,0,-14.33333333,-170,2
ATA,Antarctica,14000000,0,-90,0,0
ATF,French Southern and Antarctic Lands,7747,0,-49.25,69.167,1
ATG,Antigua and Barbuda,442,0,17.05,-61.8,1
AUS,Australia,7692024,0,-27,133,1
AUT,Austria,83871,8,47.33333333,13.33333333,1
AZE,Azerbaijan,86600,5,40.5,47.5,2
BDI,Burundi,27834,3,-3.5,30,2
BEL,Belgium,30528,4,50.83333333,4,3
BEN,Benin,112622,4,9.5,2.25,1
BES,Caribbean Netherlands,328,0,12.18,-68.25,3
BFA,Burkina Faso,272967,6,13,-2,1
BGD,Bangladesh,147570,2,24,90,1
BGR,Bulgaria,110879,5,43,25,1
BHR,Bahrain,765,0,26,50.55,1
BHS,Bahamas,13943,0,24.25,-76,1
BIH,Bosnia and Herzegovina,51209,3,44,18,3
BLM,Saint Barthélemy,21,0,18.5,-63.41666666,1
BLR,Belarus,207600,5,53,28,2
BLZ,Belize,22966,2,17.25,-88.75,3
BMU,Bermuda,54,0,32.33333333,-64.75,1
BOL,Bolivia,1098581,5,-17,-65,4
BRA,Brazil,8515767,10,-10,-55,1
BRB,Barbados,430,0,13.16666666,-59.53333333,1
BRN,Brunei,5765,1,4.5,114.66666666,1
BTN,Bhutan,38394,2,27.5,90.5,1
BVT,Bouvet Island,49,0,-54.43333333,3.4,1
BWA,Botswana,582000,4,-22,24,2
CAF,Central African Republic,622984,6,7,21,2
CAN,Canada,9984670,1,60,-95,2
CCK,Cocos (Keeling) Islands,14,0,-12.5,96.83333333,1
CHE,Switzerland,41284,5,47,8,4
CHL,Chile,756102,3,-30,-71,1
CHN,China,9706961,16,35,105,1
CIV,Ivory Coast,322463,5,8,-5,1
CMR,Cameroon,475442,6,6,12,2
COD,DR Congo,2344858,9,0,25,5
COG,Congo,342000,5,-1,15,3
COK,Cook Islands,236,0,-21.23333333,-159.76666666,2
COL,Colombia,1141748,5,4,-72,1
COM,Comoros,1862,0,-12.16666666,44.25,3
CPV,Cape Verde,4033,0,16,-24,1
CRI,Costa Rica,51100,2,10,-84,1
CUB,Cuba,109884,0,21.5,-80,1
CUW,Curaçao,444,0,12.116667,-68.933333,3
CXR,Christmas Island,135,0,-10.5,105.66666666,1
CYM,Cayman Islands,264,0,19.5,-80.5,1
CYP,Cyprus,9251,0,35,33,2
CZE,Czechia,78865,4,49.75,15.5,2
DEU,Germany,357114,9,51,9,1
DJI,Djibouti,23200,3,11.5,43,2
DMA,Dominica,751,0,15.41666666,-61.33333333,1
DNK,Denmark,43094,1,56,10,1
DOM,Dominican Republic,48671,1,19,-70.66666666,1
DZA,Algeria,2381741,7,28,3,1
ECU,Ecuador,276841,2,-2,-77.5,1
EGY,Egypt,1002450,4,27,30,1
ERI,Eritrea,117600,3,15,39,3
ESH,Western Sahara,266000,3,24.5,-13,3
ESP,Spain,505992,5,40,-4,1
EST,Estonia,45227,2,59,26,1
ETH,Ethiopia,1104300,6,8,38,1
FIN,Finland,338424,3,64,26,2
FJI,Fiji,18272,0,-18,175,3
FLK,Falkland Islands,12173,0,-51.75,-59,1
FRA,France,551695,8,46,2,1
FRO,Faroe Islands,1393,0,62,-7,2
FSM,Micronesia,702,0,6.91666666,158.25,1
GAB,Gabon,267668,3,-1,11.75,1
GBR,United Kingdom,242900,1,54,-2,1
GEO,Georgia,69700,4,42,43.5,1
GGY,Guernsey,78,0,49.46666666,-2.58333333,3
GHA,Ghana,238533,3,8,-2,1
GIB,Gibraltar,6,1,36.13333333,-5.35,1
GIN,Guinea,245857,6,11,-10,1
GLP,Guadeloupe,1628,0,16.25,-61.583333,1
GMB,Gambia,10689,1,13.46666666,-16.56666666,1
GNB,Guinea-Bissau,36125,2,12,-15,2
GNQ,Equatorial Guinea,28051,2,2,10,3
GRC,Greece,131990,4,39,22,1
GRD,Grenada,344,0,12.11666666,-61.66666666,1
GRL,Greenland,2166086,0,72,-40,1
GTM,Guatemala,108889,4,15.5,-90.25,1
GUF,French Guiana,83534,2,4,-53,1
GUM,Guam,549,0,13.46666666,144.78333333,3
GUY,Guyana,214969,3,5,-59,1
HKG,Hong Kong,1104,1,22.267,114.188,2
HMD,Heard Island and McDonald Islands,412,0,-53.1,72.51666666,1
HND,Honduras,112492,3,15,-86.5,1
HRV,Croatia,56594,5,45.16666666,15.5,1
HTI,Haiti,27750,1,19,-72.41666666,2
HUN,Hungary,93028,7,47,20,1
IDN,Indonesia,1904569,3,-5,120,1
IMN,Isle of Man,572,0,54.25,-4.5,2
IND,India,3287590,6,20,77,3
IOT,British Indian Ocean Territory,60,0,-6,71.5,1
IRL,Ireland,70273,1,53,-8,2
IRN,Iran,1648195,7,32,53,1
IRQ,Iraq,438317,6,33,44,3
ISL,Iceland,103000,0,65,-18,1
ISR,Israel,20770,5,31.47,35.13,2
ITA,Italy,301336,6,42.83333333,12.83333333,1
JAM,Jamaica,10991,0,18.25,-77.5,2
JEY,Jersey,116,0,49.25,-2.16666666,3
JOR,Jordan,89342,5,31,36,1
JPN,Japan,377930,0,36,138,1
KAZ,Kazakhstan,2724900,5,48,68,2
KEN,Kenya,580367,5,1,38,2
KGZ,Kyrgyzstan,199951,4,41,75,2
KHM,Cambodia,181035,3,13,105,1
KIR,Kiribati,811,0,1.41666666,173,2
KNA,Saint Kitts and Nevis,261,0,17.33333333,-62.75,1
KOR,South Korea,100210,1,37,127.5,1
KWT,Kuwait,17818,2,29.5,45.75,1
LAO,Laos,236800,5,18,105,1
LBN,Lebanon,10452,2,33.83333333,35.83333333,2
LBR,Liberia,111369,3,6.5,-9.5,1
LBY,Libya,1759540,6,25,17,1
LCA,Saint Lucia,616,0,13.88333333,-60.96666666,1
LIE,Liechtenstein,160,2,47.26666666,9.53333333,1
LKA,Sri Lanka,65610,1,7,81,2
LSO,Lesotho,30355,1,-29.5,28.5,2
LTU,Lithuania,65300,4,56,24,1
LUX,Luxembourg,2586,3,49.75,6.16666666,3
LVA,Latvia,64559,4,57,25,1
MAC,Macau,30,1,22.16666666,113.55,2
MAF,Saint Martin,53,1,18.08333333,-63.95,1
MAR,Morocco,446550,3,32,-5,2
MCO,Monaco,2.02,1,43.73333333,7.4,1
MDA,Moldova,33846,2,47,29,1
MDG,Madagascar,587041,0,-20,47,2
MDV,Maldives,300,0,3.25,73,1
MEX,Mexico,1964375,3,23,-102,1
MHL,Marshall Islands,181,0,9,168,2
MKD,North Macedonia,25713,5,41.83333333,22,1
MLI,Mali,1240192,7,17,-4,1
MLT,Malta,316,0,35.83333333,14.58333333,2
MMR,Myanmar,676578,5,22,98,1
MNE,Montenegro,13812,5,42.5,19.3,1
MNG,Mongolia,1564110,2,46,105,1
MNP,Northern Mariana Islands,464,0,15.2,145.75,3
MOZ,Mozambique,801590,6,-18.25,35,1
MRT,Mauritania,1030700,4,20,-12,1
MSR,Montserrat,102,0,16.75,-62.2,1
MTQ,Martinique,1128,0,14.666667,-61,1
MUS,Mauritius,2040,0,-20.28333333,57.55,3
MWI,Malawi,118484,3,-13.5,34,2
MYS,Malaysia,330803,3,2.5,112.5,2
MYT,Mayotte,374,0,-12.83333333,45.16666666,1
NAM,Namibia,825615,4,-22,17,9
NCL,New Caledonia,18575,0,-21.5,165.5,1
NER,Niger,1267000,7,16,8,1
NFK,Norfolk Island,36,0,-29.03333333,167.95,2
NGA,Nigeria,923768,4,10,8,1
NIC,Nicaragua,130373,2,13,-85,1
NIU,Niue,260,0,-19.03333333,-169.86666666,2
NLD,Netherlands,41850,2,52.5,5.75,1
NOR,Norway,323802,3,62,10,3
NPL,Nepal,147181,2,28,84,1
NRU,Nauru,21,0,-0.53333333,166.91666666,2
NZL,New Zealand,270467,0,-41,174,3
OMN,Oman,309500,3,21,57,1
PAK,Pakistan,881912,4,30,70,2
PAN,Panama,75417,2,9,-80,1
PCN,Pitcairn Islands,47,0,-25.06666666,-130.1,1
PER,Peru,1285216,5,-10,-76,3
PHL,Philippines,342353,0,13,122,2
PLW,Palau,459,0,7.5,134.5,2
PNG,Papua New Guinea,462840,1,-6,147,3
POL,Poland,312679,7,52,20,1
PRI,Puerto Rico,8870,0,18.25,-66.5,2
PRK,North Korea,120538,3,40,127,1
PRT,Portugal,92090,1,39.5,-8,1
PRY,Paraguay,406752,3,-23,-58,2
PSE,Palestine,6220,3,31.9,35.2,1
PYF,French Polynesia,4167,0,-15,-140,1
QAT,Qatar,11586,1,25.5,51.25,1
REU,Réunion,2511,0,-21.15,55.5,1
ROU,Romania,238391,5,46,25,1
RUS,Russia,17098242,14,60,100,1
RWA,Rwanda,26338,4,-2,30,3
SAU,Saudi Arabia,2149690,7,25,45,1
SDN,Sudan,1886068,7,15,30,2
SEN,Senegal,196722,5,14,-14,1
SGP,Singapore,710,0,1.36666666,103.8,4
SGS,South Georgia,3903,0,-54.5,-37,1
SHN,"Saint Helena, Ascension and Tristan da Cunha",394,0,-15.95,-5.72,1
SJM,Svalbard and Jan Mayen,-1,0,78,20,1
SLB,Solomon Islands,28896,0,-8,159,1
SLE,Sierra Leone,71740,2,8.5,-11.5,1
SLV,El Salvador,21041,2,13.83333333,-88.91666666,1
SMR,San Marino,61,1,43.76666666,12.41666666,1
SOM,Somalia,637657,3,10,49,2
SPM,Saint Pierre and Miquelon,242,0,46.83333333,-56.33333333,1
SRB,Serbia,88361,8,44,21,1
SSD,South Sudan,619745,6,7,30,1
STP,São Tomé and Príncipe,964,0,1,7,1
SUR,Suriname,163820,3,4,-56,1
SVK,Slovakia,49037,5,48.66666666,19.5,1
SVN,Slovenia,20273,4,46.11666666,14.81666666,1
SWE,Sweden,450295,2,62,15,1
SWZ,Eswatini,17364,2,-26.5,31.5,2
SXM,Sint Maarten,34,1,18.033333,-63.05,3
SYC,Seychelles,452,0,-4.58333333,55.66666666,3
SYR,Syria,185180,5,35,38,1
TCA,Turks and Caicos Islands,948,0,21.75,-71.58333333,1
TCD,Chad,1284000,6,15,19,2
TGO,Togo,56785,3,8,1.16666666,1
THA,Thailand,513120,4,15,100,1
TJK,Tajikistan,143100,4,39,71,2
TKL,Tokelau,12,0,-9,-172,3
TKM,Turkmenistan,488100,4,40,60,2
TLS,Timor-Leste,14874,1,-8.83333333,125.91666666,2
TON,Tonga,747,0,-20,-175,2
TTO,Trinidad and Tobago,5130,0,11,-61,1
TUN,Tunisia,163610,2,34,9,1
TUR,Türkiye,783562,8,39,35,1
TUV,Tuvalu,26,0,-8,178,2
TWN,Taiwan,36193,0,23.5,121,1
TZA,Tanzania,945087,8,-6,35,2
UGA,Uganda,241550,5,1,32,2
UKR,Ukraine,603500,7,49,32,1
UMI,United States Minor Outlying Islands,34.2,0,19.3,166.633333,1
UNK,Kosovo,10908,4,42.666667,21.166667,2
URY,Uruguay,181034,2,-33,-56,1
USA,United States,9372610,2,38,-97,1
UZB,Uzbekistan,447400,5,41,64,2
VAT,Vatican City,0.44,1,41.9,12.45,2
VCT,Saint Vincent and the Grenadines,389,0,13.25,-61.2,1
VEN,Venezuela,916445,3,8,-66,1
VGB,British Virgin Islands,151,0,18.431383,-64.62305,1
VIR,United States Virgin Islands,347,0,18.35,-64.933333,1
VNM,Vietnam,331212,3,16.16666666,107.83333333,1
VUT,Vanuatu,12189,0,-16,167,3
WLF,Wallis and Futuna,142,0,-13.3,-176.2,1
WSM,Samoa,2842,0,-13.58333333,-172.33333333,2
YEM,Yemen,527968,2,15,48,1
ZAF,South Africa,1221037,6,-29,24,11
ZMB,Zambia,752612,8,-15,30,1
ZWE,Zimbabwe,390757,4,-20,30,15
